coachID,year,tmID,stint,won_x,lost_x,franchID,confID,playoff,o_fgm,o_fga,o_ftm,o_fta,o_3pm,o_3pa,o_reb,o_asts,o_pf,o_stl,o_to,o_blk,o_pts,d_fgm,d_fga,d_ftm,d_fta,d_3pm,d_3pa,d_reb,d_asts,d_pf,d_stl,d_to,d_blk,d_pts,won_y,lost_y,GP,homeW,homeL,awayW,awayL,confW,confL,attend
adamsmi01w,5,WAS,0,17,17,WAS,EA,Y,873,2088,474,661,105,283,1063,467,652,255,424,128,2325,864,2013,510,686,146,425,1106,534,627,237,492,111,2384,17,17,34,11,6,6,11,9,11,214448
adubari99w,1,NYL,0,20,12,NYL,EA,Y,792,1815,429,567,135,396,940,477,617,246,474,102,2148,741,1822,437,590,116,420,967,462,645,223,479,94,2035,20,12,32,12,4,8,8,14,7,231962
adubari99w,2,NYL,0,21,11,NYL,EA,Y,833,1828,336,500,160,421,915,553,616,265,437,82,2162,744,1759,461,640,133,394,983,430,600,223,496,76,2082,21,11,32,13,3,8,8,13,8,250565
adubari99w,3,NYL,0,18,14,NYL,EA,Y,772,1740,400,567,145,400,870,496,638,261,458,100,2089,691,1733,484,645,149,434,961,410,597,228,478,88,2015,18,14,32,10,6,8,8,11,10,234717
adubari99w,4,NYL,0,16,18,NYL,EA,N,825,1923,412,537,181,500,957,527,587,262,470,128,2243,821,1959,459,581,155,467,1062,506,614,269,480,96,2256,16,18,34,11,6,5,12,11,13,212346
adubari99w,5,NYL,1,7,9,NYL,EA,Y,819,1932,398,531,216,617,1004,539,587,209,506,124,2252,867,2096,431,579,132,416,1101,517,589,288,430,123,2297,18,16,34,11,6,7,10,10,10,168062
coylepa99w,5,NYL,2,11,7,NYL,EA,Y,819,1932,398,531,216,617,1004,539,587,209,506,124,2252,867,2096,431,579,132,416,1101,517,589,288,430,123,2297,18,16,34,11,6,7,10,10,10,168062
adubari99w,6,WAS,0,16,18,WAS,EA,N,847,1968,388,546,181,510,943,517,697,260,435,76,2263,833,1872,489,648,150,433,1024,545,638,205,504,108,2305,16,18,34,10,7,6,11,9,11,171501
adubari99w,7,WAS,0,18,16,WAS,EA,Y,1016,2199,528,715,187,522,1100,576,784,306,541,113,2747,909,2102,635,851,204,553,1041,583,687,252,573,89,2657,18,16,34,13,4,5,12,12,8,133255
adubari99w,8,WAS,1,0,4,WAS,EA,N,877,2170,668,839,163,528,1118,472,763,282,571,133,2585,924,2216,616,801,175,520,1208,549,762,256,579,103,2639,16,18,34,8,9,8,9,8,12,133255
rollitr01w,8,WAS,2,16,14,WAS,EA,N,877,2170,668,839,163,528,1118,472,763,282,571,133,2585,924,2216,616,801,175,520,1208,549,762,256,579,103,2639,16,18,34,8,9,8,9,8,12,133255
aglerbr99w,1,MIN,0,15,17,MIN,WE,N,770,1831,449,592,204,571,870,495,690,237,497,63,2193,755,1758,514,702,164,481,977,472,707,275,547,130,2188,15,17,32,8,8,7,9,5,16,116638
aglerbr99w,2,MIN,0,12,20,MIN,WE,N,671,1810,559,727,176,552,1001,437,695,210,507,127,2077,752,1927,499,624,153,472,1016,511,719,259,470,126,2156,12,20,32,6,10,6,10,9,12,120607
aglerbr99w,3,MIN,1,6,13,MIN,WE,N,727,1775,383,578,166,500,959,466,617,226,529,102,2003,747,1807,469,613,141,389,914,495,618,273,465,117,2104,10,22,32,7,9,3,13,6,15,139874
vandehe99w,3,MIN,2,4,9,MIN,WE,N,727,1775,383,578,166,500,959,466,617,226,529,102,2003,747,1807,469,613,141,389,914,495,618,273,465,117,2104,10,22,32,7,9,3,13,6,15,139874
aglerbr99w,9,SEA,0,22,12,SEA,WE,Y,899,2112,552,728,143,453,1162,530,684,269,526,140,2493,861,2164,512,680,172,539,1092,498,674,263,515,115,2406,22,12,34,16,1,6,11,13,7,140503
aglerbr99w,10,SEA,0,20,14,SEA,WE,Y,909,2116,555,707,171,486,1104,536,710,276,555,150,2544,882,2150,510,671,202,585,1078,517,672,275,555,131,2476,20,14,34,13,4,7,10,13,7,133858
allenso99w,1,SAC,0,21,11,SAC,WE,Y,876,1993,449,650,142,459,1038,567,571,332,458,157,2343,811,1918,410,544,144,418,951,503,600,226,524,116,2176,21,11,32,13,3,8,8,13,8,126841
allenso99w,2,SAC,1,6,6,SAC,WE,Y,837,1974,457,618,163,423,1097,558,588,276,494,158,2294,804,2003,415,578,116,400,1005,496,616,261,481,143,2139,20,12,32,12,4,8,8,13,8,133603
mchugma99w,2,SAC,2,14,6,SAC,WE,Y,837,1974,457,618,163,423,1097,558,588,276,494,158,2294,804,2003,415,578,116,400,1005,496,616,261,481,143,2139,20,12,32,12,4,8,8,13,8,133603
bibbyhe01w,6,LAS,1,13,15,LAS,WE,Y,873,2042,456,630,124,387,1004,551,737,264,492,136,2326,818,1955,527,709,182,519,1041,567,654,247,544,115,2345,17,17,34,11,6,6,11,12,10,150521
bryanjo01w,6,LAS,2,4,2,LAS,WE,Y,873,2042,456,630,124,387,1004,551,737,264,492,136,2326,818,1955,527,709,182,519,1041,567,654,247,544,115,2345,17,17,34,11,6,6,11,12,10,150521
boguemu01w,6,CHA,2,3,7,CHA,EA,N,772,1913,447,624,104,301,925,493,727,284,535,113,2095,851,1888,509,713,124,339,1055,496,654,269,534,146,2335,6,28,34,5,12,1,16,4,16,98054
laceytr99w,6,CHA,1,3,21,CHA,EA,N,772,1913,447,624,104,301,925,493,727,284,535,113,2095,851,1888,509,713,124,339,1055,496,654,269,534,146,2335,6,28,34,5,12,1,16,4,16,98054
boguemu01w,7,CHA,0,11,23,CHA,EA,N,864,2178,552,777,176,544,1094,527,734,315,574,155,2456,911,2149,594,791,155,465,1240,522,707,286,619,125,2571,11,23,34,7,10,4,13,6,14,106942
bouceje01w,8,SAC,0,19,15,SAC,WE,Y,901,2214,572,745,153,429,1175,537,642,325,611,101,2527,891,2081,512,664,186,547,1026,542,689,274,649,141,2480,19,15,34,12,5,7,10,12,10,142575
bouceje01w,9,SAC,0,18,16,SAC,WE,Y,883,2159,611,816,168,438,1109,473,690,319,586,77,2545,958,2128,469,622,186,542,1075,581,759,267,624,206,2571,18,16,34,13,4,5,12,9,11,139066
bouceje01w,10,SAC,1,3,10,SAC,WE,N,946,2194,586,744,132,389,1154,540,645,289,584,98,2610,994,2221,479,586,223,604,1028,627,704,262,576,147,2690,12,22,34,7,10,5,12,6,14,131654
whisejo99w,10,SAC,2,9,12,SAC,WE,N,946,2194,586,744,132,389,1154,540,645,289,584,98,2610,994,2221,479,586,223,604,1028,627,704,262,576,147,2690,12,22,34,7,10,5,12,6,14,131654
brownde01w,3,ORL,0,16,16,CON,EA,N,808,1914,493,646,145,461,915,446,669,295,456,113,2254,804,1862,491,668,156,422,1046,519,637,251,541,108,2255,16,16,32,10,6,6,10,13,8,113837
brownde01w,5,SAS,2,6,20,SAS,WE,N,812,1940,488,628,79,247,1003,493,628,272,513,106,2191,888,2003,416,564,172,469,1034,575,624,280,492,129,2364,9,25,34,6,11,3,14,6,16,142717
dailesh99w,5,SAS,1,3,5,SAS,WE,N,812,1940,488,628,79,247,1003,493,628,272,513,106,2191,888,2003,416,564,172,469,1034,575,624,280,492,129,2364,9,25,34,6,11,3,14,6,16,142717
bryanjo01w,7,LAS,0,25,9,LAS,WE,Y,962,2195,540,726,111,377,1202,610,679,296,534,129,2575,873,2184,534,721,196,570,1082,565,636,284,556,128,2476,25,9,34,15,2,10,7,15,5,141282
chancva99w,1,HOU,0,27,5,HOU,WE,Y,891,1894,521,634,172,491,997,494,554,284,440,104,2475,786,1938,370,508,124,418,902,473,648,233,480,85,2066,27,5,32,14,2,13,3,17,4,196077
chancva99w,2,HOU,0,19,13,HOU,WE,Y,747,1908,415,539,138,435,1058,426,509,251,436,95,2047,740,1883,362,504,152,456,982,452,561,248,433,120,1994,19,13,32,11,5,8,8,13,8,181115
chancva99w,3,HOU,0,24,8,HOU,WE,Y,755,1778,453,585,109,332,1001,450,467,260,455,126,2072,705,1880,331,452,151,489,973,446,606,262,464,71,1892,24,8,32,14,2,10,6,16,5,188648
chancva99w,4,HOU,0,20,14,HOU,WE,Y,828,1916,473,600,115,344,1030,465,490,231,450,129,2244,824,2030,325,448,169,500,1006,516,634,227,430,122,2142,20,14,34,14,3,6,11,14,10,150203
chancva99w,5,HOU,0,13,21,HOU,WE,N,798,1933,458,615,123,358,1035,451,555,242,484,107,2177,834,2008,391,531,152,434,1055,539,655,258,471,129,2211,13,21,34,9,8,4,13,7,15,137455
chancva99w,6,HOU,0,19,15,HOU,WE,Y,860,1920,527,690,62,205,960,467,581,246,425,105,2309,848,1944,419,559,148,423,961,541,685,197,481,111,2263,19,15,34,11,6,8,9,11,11,120676
chancva99w,7,HOU,0,18,16,HOU,WE,Y,928,2098,482,678,169,472,1125,532,617,252,566,84,2507,928,2232,445,615,148,496,1124,526,705,298,519,89,2449,18,16,34,12,5,6,11,11,9,130586
coopecy01w,2,PHO,0,13,19,PHO,WE,N,767,1894,429,587,101,313,942,514,625,292,519,138,2064,785,1892,462,584,137,391,1031,524,603,283,517,127,2169,13,19,32,10,6,3,13,8,13,136979
coopecy01w,3,PHO,1,6,4,PHO,WE,N,793,1889,405,538,100,328,918,427,623,267,501,94,2091,850,1870,436,608,155,388,1001,532,600,268,491,127,2291,11,21,32,10,6,1,15,7,14,139798
sharpli99w,3,PHO,2,5,17,PHO,WE,N,793,1889,405,538,100,328,918,427,623,267,501,94,2091,850,1870,436,608,155,388,1001,532,600,268,491,127,2291,11,21,32,10,6,1,15,7,14,139798
coopemi01w,1,LAS,0,28,4,LAS,WE,Y,861,1956,545,693,150,452,1091,586,705,271,466,156,2417,776,1963,495,692,122,413,978,445,650,243,485,105,2169,28,4,32,15,1,13,3,17,4,105005
coopemi01w,2,LAS,0,28,4,LAS,WE,Y,916,2031,449,594,160,436,1105,596,616,281,438,138,2441,779,1985,416,547,192,603,921,538,591,234,453,114,2166,28,4,32,16,0,12,4,19,2,148446
coopemi01w,3,LAS,0,25,7,LAS,WE,Y,891,2002,476,645,194,515,1143,583,664,257,517,161,2452,796,2040,480,649,163,521,959,508,623,275,453,111,2235,25,7,32,12,4,13,3,17,4,186410
coopemi01w,4,LAS,0,24,10,LAS,WE,Y,894,2140,537,678,174,528,1149,587,682,242,470,161,2499,866,2147,504,702,196,540,1105,572,654,241,468,127,2432,24,10,34,11,6,13,4,17,7,157934
coopemi01w,5,LAS,1,14,6,LAS,WE,Y,904,2069,530,722,157,414,1121,626,731,262,529,148,2495,815,2095,557,761,174,511,1066,532,704,288,523,114,2361,25,9,34,15,2,10,7,16,6,177269
thompka99w,5,LAS,2,11,3,LAS,WE,Y,904,2069,530,722,157,414,1121,626,731,262,529,148,2495,815,2095,557,761,174,511,1066,532,704,288,523,114,2361,25,9,34,15,2,10,7,16,6,177269
weisery99w,5,LAS,2,11,3,LAS,WE,Y,904,2069,530,722,157,414,1121,626,731,262,529,148,2495,815,2095,557,761,174,511,1066,532,704,288,523,114,2361,25,9,34,15,2,10,7,16,6,177269
coopemi01w,8,LAS,0,10,24,LAS,WE,N,940,2305,493,627,160,456,1139,554,732,245,571,107,2533,954,2212,609,800,191,537,1179,616,605,290,550,137,2708,10,24,34,5,12,5,12,6,16,147810
coopemi01w,9,LAS,0,20,14,LAS,WE,Y,954,2248,539,717,151,485,1282,613,713,251,608,216,2598,888,2310,562,751,185,547,1127,513,717,303,523,141,2523,20,14,34,12,5,8,9,12,8,161639
coopemi01w,10,LAS,0,18,16,LAS,WE,Y,973,2264,435,550,152,512,1248,587,583,217,568,166,2533,903,2262,479,623,213,636,1050,516,622,300,463,115,2498,18,16,34,11,6,7,10,11,9,176587
cowenda01w,7,CHI,0,5,29,CHI,EA,N,858,2175,449,643,157,536,1037,509,674,277,527,125,2322,971,2147,545,736,200,536,1239,623,584,262,535,120,2687,5,29,34,3,14,2,15,4,16,57635
coylepa99w,6,NYL,0,18,16,NYL,EA,Y,828,1860,452,552,208,605,974,498,613,214,462,112,2316,859,2012,442,608,125,398,1030,473,590,275,411,86,2285,18,16,34,10,7,8,9,9,11,172381
coylepa99w,7,NYL,0,11,23,NYL,EA,N,822,2069,512,650,216,645,1021,475,674,252,576,112,2372,966,2153,553,722,171,461,1173,508,668,270,485,134,2656,11,23,34,7,10,4,13,7,13,155048
coylepa99w,8,NYL,0,16,18,NYL,EA,Y,870,2087,430,580,243,653,1075,500,618,289,612,109,2413,920,2223,471,619,190,589,1215,509,608,321,562,115,2501,16,18,34,10,7,6,11,10,10,147866
coylepa99w,9,NYL,0,19,15,NYL,EA,Y,912,2168,490,653,259,706,1105,551,655,290,547,117,2573,924,2163,516,674,174,485,1175,496,625,285,559,109,2538,19,15,34,11,6,8,9,11,9,153772
coylepa99w,10,NYL,1,6,11,NYL,EA,N,900,2168,458,582,254,710,1082,526,637,276,543,121,2512,906,2157,531,673,192,554,1202,482,590,269,548,124,2535,13,21,34,8,9,5,12,9,13,166604
donovan99w,10,NYL,2,7,10,NYL,EA,N,900,2168,458,582,254,710,1082,526,637,276,543,121,2512,906,2157,531,673,192,554,1202,482,590,269,548,124,2535,13,21,34,8,9,5,12,9,13,166604
dailesh99w,4,SAS,2,6,6,SAS,WE,N,792,2068,538,736,93,315,1145,428,728,187,513,167,2215,867,2176,544,745,149,482,1172,530,669,275,424,140,2427,12,22,34,9,8,3,14,10,14,176526
harveca99w,4,SAS,1,6,16,SAS,WE,N,792,2068,538,736,93,315,1145,428,728,187,513,167,2215,867,2176,544,745,149,482,1172,530,669,275,424,140,2427,12,22,34,9,8,3,14,10,14,176526
darscna99w,1,WAS,1,9,11,WAS,EA,Y,832,1813,403,578,109,335,946,521,597,245,506,126,2176,845,1875,382,555,149,397,911,513,595,261,456,102,2221,14,18,32,7,9,7,9,13,8,244134
walkeda01w,1,WAS,2,5,7,WAS,EA,Y,832,1813,403,578,109,335,946,521,597,245,506,126,2176,845,1875,382,555,149,397,911,513,595,261,456,102,2221,14,18,32,7,9,7,9,13,8,244134
donovan99w,1,IND,0,9,23,IND,EA,N,796,1838,428,569,193,521,932,501,642,271,518,126,2213,839,1868,503,669,109,358,954,528,612,267,476,75,2290,9,23,32,5,11,4,12,7,14,180270
donovan99w,2,CHA,0,18,14,CHA,EA,Y,746,1780,410,528,153,428,948,467,605,217,474,114,2055,732,1846,431,562,114,369,911,443,579,257,447,124,2009,18,14,32,11,5,7,9,15,6,105525
donovan99w,3,CHA,0,18,14,CHA,EA,Y,770,1790,490,663,211,527,955,496,647,241,408,105,2241,778,1807,444,598,133,372,915,489,600,208,424,103,2133,18,14,32,11,5,7,9,12,9,106670
donovan99w,4,SEA,0,18,16,SEA,WE,N,890,2045,442,567,166,500,1074,548,644,232,465,138,2388,844,2039,441,591,145,437,1041,456,570,245,459,104,2274,18,16,34,13,4,5,12,11,13,120857
donovan99w,5,SEA,0,20,14,SEA,WE,Y,873,2025,524,676,167,439,1059,552,665,302,499,131,2437,851,1989,423,592,139,391,982,507,678,252,527,137,2264,20,14,34,13,4,7,10,13,9,134291
donovan99w,6,SEA,0,20,14,SEA,WE,Y,906,2066,544,688,142,429,1099,520,657,201,516,158,2498,892,2163,490,646,133,419,1020,568,691,267,438,154,2407,20,14,34,14,3,6,11,13,9,151150
donovan99w,7,SEA,0,18,16,SEA,WE,Y,961,2124,562,712,160,475,1148,514,682,232,570,127,2644,940,2218,531,707,164,484,1031,520,683,297,485,115,2575,18,16,34,9,8,9,8,10,10,145664
donovan99w,8,SEA,0,17,17,SEA,WE,Y,964,2210,582,715,224,639,1164,533,620,242,533,151,2734,987,2321,478,586,195,528,1094,591,642,272,495,112,2647,17,17,34,12,5,5,12,11,11,135553
dunnli99wc,1,SEA,0,6,26,SEA,WE,N,667,1740,379,561,109,364,793,390,648,255,525,93,1822,778,1721,498,654,117,334,1009,506,618,284,529,123,2171,6,26,32,4,12,2,14,4,17,142594
dunnli99wc,2,SEA,0,10,22,SEA,WE,N,689,1821,415,606,128,412,891,412,605,273,431,127,1921,753,1750,417,559,125,325,1052,492,588,228,519,127,2048,10,22,32,5,11,5,11,6,15,95257
dunnli99wc,3,SEA,0,17,15,SEA,WE,Y,794,1948,418,543,182,506,995,514,623,282,477,151,2188,783,1818,435,587,102,342,969,488,563,254,531,125,2103,17,15,32,10,6,7,9,10,11,111774
dunnli99wc,9,IND,0,17,17,IND,EA,Y,876,2179,495,656,226,662,1127,500,727,324,585,165,2473,891,2127,540,706,135,415,1171,477,659,294,608,130,2457,17,17,34,11,6,6,11,12,8,130941
dunnli99wc,10,IND,0,22,12,IND,EA,Y,890,2212,613,746,213,637,1122,527,692,373,531,117,2606,909,2118,529,692,154,483,1167,498,700,271,638,116,2501,22,12,34,14,3,8,9,17,5,134964
dunntr01wc,1,CHA,0,8,24,CHA,EA,N,812,1903,431,577,131,386,935,551,713,222,496,90,2186,879,1930,533,716,138,423,990,596,596,259,426,123,2429,8,24,32,5,11,3,13,5,16,90963
fortnne99w,2,IND,0,10,22,IND,EA,N,762,1822,472,591,157,446,935,458,600,242,491,118,2153,853,1899,412,583,131,367,966,565,616,256,466,140,2249,10,22,32,7,9,3,13,7,14,138922
fortnne99w,3,IND,0,16,16,IND,EA,Y,731,1825,455,580,180,543,948,447,559,268,438,100,2097,804,1817,359,503,162,464,932,507,647,226,470,145,2129,16,16,32,10,6,6,10,12,9,134945
fortnne99w,4,IND,0,16,18,IND,EA,N,839,2011,449,563,210,600,988,539,668,299,474,121,2337,837,1908,490,638,157,421,986,570,631,227,512,170,2321,16,18,34,11,6,5,12,12,12,141778
gaineco01w,9,PHO,0,16,18,PHO,WE,N,1069,2485,642,773,230,701,1226,560,794,232,489,156,3010,1036,2460,694,932,243,695,1298,650,717,234,500,129,3009,16,18,34,10,7,6,11,8,12,144867
gaineco01w,10,PHO,0,23,11,PHO,WE,Y,1128,2454,643,752,257,665,1190,625,740,225,500,181,3156,1094,2582,638,851,205,608,1285,607,671,260,460,143,3031,23,11,34,12,5,11,6,13,7,144884
gilloje01w,10,MIN,0,14,20,MIN,WE,N,949,2257,591,766,242,695,1087,509,693,301,513,128,2731,1041,2260,550,711,195,510,1165,589,694,250,543,140,2827,14,20,34,9,8,5,12,7,13,128127
grafca99wc,5,PHO,0,17,17,PHO,WE,N,826,1922,456,598,192,519,916,501,748,282,464,137,2300,784,1845,534,724,133,348,1020,456,660,226,536,137,2235,17,17,34,10,7,7,10,11,11,136295
grafca99wc,6,PHO,0,16,18,PHO,WE,N,826,1994,531,693,178,539,1062,549,697,243,517,179,2361,855,1993,523,720,121,332,1024,470,672,265,483,112,2354,16,18,34,11,6,5,12,12,10,124146
hargrli99w,1,POR,0,10,22,POR,WE,N,761,1828,488,697,145,433,936,480,761,265,593,93,2155,788,1847,577,766,150,447,953,487,729,277,531,130,2303,10,22,32,6,10,4,12,4,17,133076
hargrli99w,2,POR,0,11,21,POR,WE,N,733,1891,450,612,172,519,996,451,633,244,500,106,2088,791,1944,461,656,159,410,1106,501,643,293,474,144,2202,11,21,32,6,10,5,11,5,16,137656
hargrli99w,3,POR,0,16,16,POR,WE,N,829,1951,410,564,127,391,948,492,623,239,493,120,2195,819,1885,463,647,126,348,1012,486,616,272,508,139,2227,16,16,32,9,7,7,9,8,13,128656
harveca99w,2,UTA,2,14,5,SAS,WE,Y,811,1849,507,675,78,244,1070,524,622,202,493,156,2207,789,1976,489,660,125,429,974,478,645,275,390,148,2192,19,13,32,9,7,10,6,11,10,110507
willifr99w,2,UTA,1,5,8,SAS,WE,Y,811,1849,507,675,78,244,1070,524,622,202,493,156,2207,789,1976,489,660,125,429,974,478,645,275,390,148,2192,19,13,32,9,7,10,6,11,10,110507
harveca99w,3,UTA,0,20,12,SAS,WE,Y,843,1911,643,844,89,247,1068,478,665,228,522,178,2418,851,2067,516,688,126,377,1006,489,724,260,444,149,2344,20,12,32,12,4,8,8,12,9,118720
hugheda99w,1,CLE,0,17,15,CLE,EA,Y,809,1828,426,570,141,407,934,539,647,259,538,91,2185,774,1761,455,583,119,368,873,540,693,305,552,95,2122,17,15,32,13,3,4,12,13,8,137532
hugheda99w,2,CLE,0,22,10,CLE,EA,Y,763,1770,372,505,106,335,959,503,532,267,444,83,2004,664,1745,328,444,132,417,891,434,597,225,496,127,1788,22,10,32,14,2,8,8,15,6,147373
hugheda99w,3,CLE,0,10,22,CLE,EA,N,760,1820,430,553,121,374,969,480,567,221,451,83,2071,797,1834,397,521,149,441,918,530,613,242,428,109,2140,10,22,32,4,12,6,10,7,14,149084
hugheda99w,4,CLE,0,17,17,CLE,EA,Y,815,1975,464,643,135,425,1069,517,639,226,466,86,2229,809,1927,465,607,127,355,1004,510,659,223,467,135,2210,17,17,34,11,6,6,11,13,11,125793
hugheda99w,6,SAS,0,7,27,SAS,WE,N,764,1833,503,652,110,339,946,433,650,195,535,90,2141,898,2059,463,611,142,408,1055,563,685,283,429,148,2401,7,27,34,5,12,2,15,3,19,135054
hugheda99w,7,SAS,0,13,21,SAS,WE,N,915,2255,504,672,189,556,1168,540,610,246,488,83,2523,974,2262,490,640,165,459,1237,560,641,254,480,129,2603,13,21,34,6,11,7,10,10,10,125749
hugheda99w,8,SAS,0,20,14,SAS,WE,Y,923,2176,464,577,207,566,1087,567,653,283,558,130,2517,904,2139,529,688,147,454,1137,516,619,257,583,137,2484,20,14,34,9,8,11,6,13,9,128680
hugheda99w,9,SAS,0,24,10,SAS,WE,Y,901,2080,561,694,183,539,1093,601,602,272,525,150,2546,904,2271,471,634,139,483,1206,500,666,278,528,109,2418,24,10,34,15,2,9,8,10,10,135722
hugheda99w,10,SAS,0,15,19,SAS,WE,Y,936,2190,487,626,256,739,1049,598,596,257,509,116,2615,1000,2279,488,620,173,499,1188,529,643,268,502,120,2661,15,19,34,10,7,5,12,10,10,127957
jenkica99w,7,MIN,2,1,10,MIN,WE,N,945,2211,485,681,148,419,1144,491,654,193,530,113,2523,1004,2314,548,719,179,542,1204,625,633,308,438,124,2735,10,24,34,8,9,2,15,6,14,109522
mcconsu01w,7,MIN,1,9,14,MIN,WE,N,945,2211,485,681,148,419,1144,491,654,193,530,113,2523,1004,2314,548,719,179,542,1204,625,633,308,438,124,2735,10,24,34,8,9,2,15,6,14,109522
kenlaje99w,9,WAS,2,2,10,WAS,EA,N,885,2131,435,659,163,460,1132,483,757,241,637,93,2368,929,2096,563,760,180,528,1093,542,708,314,530,146,2601,10,24,34,6,11,4,13,6,14,154637
rollitr01w,9,WAS,1,8,14,WAS,EA,N,885,2131,435,659,163,460,1132,483,757,241,637,93,2368,929,2096,563,760,180,528,1093,542,708,314,530,146,2601,10,24,34,6,11,4,13,6,14,154637
keyst99wc,9,CHI,0,12,22,CHI,EA,N,899,2100,564,812,110,341,1127,548,639,269,525,149,2472,917,2203,506,655,170,508,1160,531,681,255,522,124,2510,12,22,34,8,9,4,13,10,10,62146
keyst99wc,10,CHI,0,16,18,CHI,EA,N,930,2136,527,693,186,471,1083,532,605,249,532,138,2573,1004,2269,479,613,206,593,1156,610,636,273,489,121,2693,16,18,34,12,5,4,13,10,12,66852
laceytr99w,4,CHA,0,18,16,CHA,EA,Y,787,1881,456,590,187,517,971,499,697,279,497,115,2217,790,1902,477,667,138,407,1007,491,606,264,469,104,2195,18,16,34,13,4,5,12,12,12,120061
laceytr99w,5,CHA,0,16,18,CHA,EA,N,745,1744,436,590,166,459,872,426,648,210,479,134,2092,800,1932,438,587,130,349,996,516,595,243,437,114,2168,16,18,34,10,7,6,11,8,12,116383
laimbbi01w,3,DET,2,9,13,DET,EA,N,766,1919,472,651,110,364,1079,478,609,201,541,132,2114,828,1984,464,605,146,447,983,465,637,277,443,139,2266,9,23,32,7,9,2,14,6,15,94171
willigr99w,3,DET,1,0,10,DET,EA,N,766,1919,472,651,110,364,1079,478,609,201,541,132,2114,828,1984,464,605,146,447,983,465,637,277,443,139,2266,9,23,32,7,9,2,14,6,15,94171
laimbbi01w,4,DET,0,25,9,DET,EA,Y,902,2004,624,882,125,323,1230,545,605,263,608,158,2553,911,2286,412,556,161,541,1064,504,774,309,497,129,2395,25,9,34,13,4,12,5,18,6,133647
laimbbi01w,5,DET,0,17,17,DET,EA,Y,874,2097,556,792,62,209,1170,564,648,277,513,148,2366,860,2098,470,609,191,533,1055,515,728,289,496,131,2381,17,17,34,8,9,9,8,11,9,160860
laimbbi01w,6,DET,0,16,18,DET,EA,Y,831,2060,509,774,76,238,1215,474,761,241,571,155,2247,784,1945,565,754,154,456,1018,473,744,272,520,136,2287,16,18,34,12,5,4,13,11,9,159356
laimbbi01w,7,DET,0,23,11,DET,EA,Y,919,2220,553,746,136,414,1286,572,711,213,537,137,2527,840,2165,529,702,175,561,1084,474,733,275,506,108,2384,23,11,34,14,3,9,8,14,6,159453
laimbbi01w,8,DET,0,24,10,DET,EA,Y,972,2261,595,785,158,442,1311,563,702,227,564,117,2697,895,2262,547,718,203,610,1089,546,767,276,529,117,2540,24,10,34,12,5,12,5,14,6,165738
laimbbi01w,9,DET,0,22,12,DET,EA,Y,974,2295,556,744,168,476,1248,604,724,278,496,118,2672,872,2151,563,740,215,616,1085,520,762,229,572,119,2522,22,12,34,14,3,8,9,16,4,162669
laimbbi01w,10,DET,1,1,2,DET,EA,Y,980,2277,539,721,153,436,1226,575,766,261,546,97,2652,902,2201,632,813,208,611,1101,524,716,279,531,110,2644,18,16,34,11,6,7,10,11,11,136069
mahorri01w,10,DET,2,17,14,DET,EA,Y,980,2277,539,721,153,436,1226,575,766,261,546,97,2652,902,2201,632,813,208,611,1101,524,716,279,531,110,2644,18,16,34,11,6,7,10,11,11,136069
liebena01w,1,DET,0,14,18,DET,EA,N,868,1980,519,699,76,273,985,503,701,260,530,88,2331,905,1967,480,652,136,372,971,513,672,284,543,148,2426,14,18,32,8,8,6,10,10,11,107289
maherto99w,2,WAS,0,10,22,WAS,EA,N,739,1915,333,504,117,418,1055,424,537,257,495,127,1928,791,1945,347,467,146,408,1068,487,543,261,454,103,2075,10,22,32,8,8,2,14,4,17,246667
mcconsu01w,4,MIN,0,18,16,MIN,WE,Y,875,1978,450,624,180,524,1079,580,634,242,558,101,2380,878,2067,473,633,141,446,989,528,666,271,471,126,2370,18,16,34,11,6,7,10,14,10,120253
mcconsu01w,5,MIN,0,18,16,MIN,WE,Y,767,1900,454,640,177,542,1056,526,660,257,613,139,2165,804,1972,490,669,92,330,1036,508,676,333,502,133,2190,18,16,34,11,6,7,10,12,10,125097
mcconsu01w,6,MIN,0,14,20,MIN,WE,N,801,1946,437,601,172,492,1025,531,624,258,536,127,2211,862,2019,435,592,129,376,1055,537,665,275,487,144,2288,14,20,34,11,6,3,14,9,13,113447
mchugma99w,3,SAC,0,14,18,SAC,WE,N,780,1945,494,653,112,395,949,500,675,247,456,109,2166,815,1944,515,681,149,453,1075,493,633,233,496,128,2294,14,18,32,10,6,4,12,8,13,144179
mchugma99w,4,SAC,1,7,11,SAC,WE,Y,862,2107,425,626,150,473,1067,568,641,297,461,122,2299,816,1991,435,597,149,467,1096,516,640,224,576,141,2216,19,15,34,12,5,7,10,13,11,155578
whisejo99w,4,SAC,2,12,4,SAC,WE,Y,862,2107,425,626,150,473,1067,568,641,297,461,122,2299,816,1991,435,597,149,467,1096,516,640,224,576,141,2216,19,15,34,12,5,7,10,13,11,155578
meadoma99w,9,ATL,0,4,30,ATL,EA,N,895,2258,542,725,202,598,1077,492,796,285,593,142,2534,1014,2254,679,918,172,502,1265,684,726,310,561,134,2879,4,30,34,1,16,3,14,2,18,141379
meadoma99w,10,ATL,0,18,16,ATL,EA,Y,1089,2428,569,755,114,374,1259,547,741,329,590,121,2861,996,2363,624,807,181,530,1174,615,700,347,601,133,2797,18,16,34,12,5,6,11,10,12,120737
millech99w,1,PHO,0,20,12,PHO,WE,Y,803,1800,513,661,124,394,894,465,630,285,429,91,2243,773,1828,421,574,135,416,969,486,699,224,531,91,2102,20,12,32,11,5,9,7,11,10,161075
overtbo99w,8,CHI,0,14,20,CHI,EA,N,925,2277,489,723,186,544,1165,597,634,262,510,112,2525,963,2243,501,642,184,481,1225,584,683,242,566,138,2611,14,20,34,6,11,8,9,6,14,66557
peckca99wc,1,ORL,0,16,16,CON,EA,Y,833,1911,397,546,145,424,925,473,583,255,486,130,2208,851,1964,378,495,153,450,1017,536,637,264,500,108,2233,16,16,32,11,5,5,11,13,8,117810
peckca99wc,2,ORL,0,13,19,CON,EA,N,768,1914,430,587,174,532,970,452,643,320,532,125,2140,806,1831,436,605,157,438,975,534,600,298,546,114,2205,13,19,32,10,6,3,13,9,12,118874
plankju99w,10,WAS,0,16,18,WAS,EA,Y,933,2205,580,827,139,426,1191,453,725,314,607,118,2585,945,2184,570,755,162,478,1111,524,778,315,576,156,2622,16,18,34,11,6,5,12,10,12,192747
rothsro99w,1,MIA,0,13,19,MIA,EA,N,647,1774,452,664,85,310,960,415,707,272,524,88,1831,715,1676,454,627,117,315,923,416,661,247,528,118,2001,13,19,32,9,7,4,12,9,12,127721
rothsro99w,2,MIA,0,20,12,MIA,EA,Y,754,1826,356,469,93,295,943,467,602,300,448,153,1957,679,1725,420,588,120,395,968,388,538,259,512,87,1898,20,12,32,10,6,10,6,14,7,141717
rothsro99w,3,MIA,0,15,17,MIA,EA,N,774,1856,369,529,129,389,869,476,643,274,435,96,2046,745,1722,469,614,129,382,971,446,588,222,515,104,2088,15,17,32,9,7,6,10,11,10,141252
shumajo01w,4,PHO,0,8,26,PHO,WE,N,801,2095,379,556,116,349,1000,461,664,310,479,111,2097,834,1867,466,626,136,371,1114,509,667,275,610,146,2270,8,26,34,6,11,2,15,5,19,144511
stanlma99w,3,WAS,0,17,15,WAS,EA,Y,806,1910,359,478,164,443,1038,516,583,221,455,94,2135,786,1903,397,538,147,446,989,442,570,237,441,101,2116,17,15,32,9,7,8,8,12,9,259237
stanlma99w,4,WAS,0,9,25,WAS,EA,N,896,2191,381,507,157,505,1085,568,676,213,462,99,2330,909,2033,509,691,171,482,1115,591,565,251,468,119,2498,9,25,34,3,14,6,11,7,17,238710
thibami99w,4,CON,0,18,16,CON,EA,Y,864,2102,479,646,177,549,1095,520,663,270,434,111,2384,864,2104,509,673,172,536,1178,553,669,252,476,88,2409,18,16,34,10,7,8,9,11,13,102433
thibami99w,5,CON,0,18,16,CON,EA,Y,876,2051,434,590,149,467,1045,572,610,299,462,96,2335,858,1996,443,599,145,384,1063,565,627,239,492,113,2304,18,16,34,10,7,8,9,14,6,114017
thibami99w,6,CON,0,26,8,CON,EA,Y,916,2025,512,688,130,373,1110,573,624,236,452,130,2474,835,2100,452,599,122,400,1078,495,675,258,442,79,2244,26,8,34,14,3,12,5,13,7,121944
thibami99w,7,CON,0,26,8,CON,EA,Y,982,2216,545,675,174,510,1268,630,530,252,514,153,2683,948,2357,358,500,163,508,1153,528,646,273,486,103,2417,26,8,34,14,3,12,5,15,5,126096
thibami99w,8,CON,0,18,16,CON,EA,Y,1001,2327,478,615,195,572,1222,619,641,272,540,156,2675,976,2317,475,626,166,485,1179,581,633,246,524,85,2593,18,16,34,8,9,10,7,10,10,135490
thibami99w,9,CON,0,21,13,CON,EA,Y,965,2286,539,723,221,669,1239,607,629,211,487,97,2690,955,2284,472,638,159,496,1200,554,703,252,499,104,2541,21,13,34,13,4,8,9,13,7,129951
thibami99w,10,CON,0,16,18,CON,EA,N,966,2381,517,692,202,639,1184,608,677,250,453,130,2651,953,2236,591,746,157,488,1274,525,684,248,549,125,2654,16,18,34,12,5,4,13,10,12,115496
thompka99w,8,HOU,0,13,21,HOU,WE,N,915,2149,554,721,126,365,1144,558,655,289,633,109,2510,924,2190,578,719,202,581,1063,588,677,310,568,160,2628,13,21,34,7,10,6,11,10,12,138816
thompka99w,9,HOU,0,17,17,HOU,WE,N,923,2213,563,736,152,481,1179,556,728,295,599,120,2561,903,2186,582,781,218,580,1092,542,744,313,555,165,2606,17,17,34,13,4,4,13,10,10,111951
westhpa99w,7,PHO,0,18,16,PHO,WE,N,1079,2434,537,684,265,722,1145,640,741,275,442,127,2960,1023,2360,630,852,203,618,1283,578,669,231,537,126,2879,18,16,34,10,7,8,9,8,12,126801
westhpa99w,8,PHO,0,23,11,PHO,WE,Y,1063,2419,616,754,283,802,1152,683,658,285,486,159,3025,1022,2526,570,716,290,762,1390,628,684,244,595,109,2904,23,11,34,12,5,11,6,17,5,131524
whisejo99w,5,SAC,0,18,16,SAC,WE,Y,874,2072,435,604,129,365,1024,519,641,314,485,118,2312,803,1872,474,631,161,458,986,513,646,241,593,117,2241,18,16,34,10,7,8,9,12,10,147544
whisejo99w,6,SAC,0,25,9,SAC,WE,Y,853,1986,494,721,129,360,1043,527,684,304,500,108,2329,751,1823,478,653,113,376,967,463,723,235,622,132,2093,25,9,34,15,2,10,7,17,5,145213
whisejo99w,7,SAC,0,21,13,SAC,WE,Y,919,2190,542,741,157,461,1138,509,670,330,542,88,2537,872,2021,504,661,156,507,1019,507,687,244,633,143,2404,21,13,34,14,3,7,10,10,10,147739
willifr99w,1,UTA,0,18,14,SAS,WE,N,858,1896,609,790,88,262,1080,522,698,214,544,157,2413,860,1964,531,721,156,448,911,503,702,301,437,112,2407,18,14,32,12,4,6,10,13,8,103442
willigr99w,2,DET,0,10,22,DET,EA,N,774,1914,412,542,143,405,945,469,602,225,498,82,2103,848,1837,446,583,127,340,981,438,591,262,483,109,2269,10,22,32,6,10,4,12,7,14,109348
wintebr01w,5,IND,0,15,19,IND,EA,N,791,2011,450,580,166,481,1101,555,639,261,486,134,2198,804,1865,516,695,121,352,969,514,603,268,466,162,2245,15,19,34,10,7,5,12,8,12,128989
wintebr01w,6,IND,0,21,13,IND,EA,Y,784,1958,452,595,150,468,1012,493,668,336,477,95,2170,775,1798,460,642,123,367,990,435,644,234,558,113,2133,21,13,34,14,3,7,10,14,6,142494
wintebr01w,7,IND,0,21,13,IND,EA,Y,873,2144,518,676,171,551,1094,501,606,354,528,93,2435,883,2043,413,559,137,444,1061,507,685,259,617,105,2316,21,13,34,12,5,9,8,12,8,122768
wintebr01w,8,IND,0,21,13,IND,EA,Y,907,2167,478,617,188,546,1153,511,646,308,589,136,2480,881,2192,450,608,158,483,1164,475,663,280,610,114,2370,21,13,34,12,5,9,8,12,8,133915
zierddo99w,8,MIN,0,10,24,MIN,WE,N,971,2355,531,674,163,496,1182,596,713,238,561,95,2636,988,2195,614,785,162,461,1118,565,645,279,529,147,2752,10,24,34,7,10,3,14,8,14,121019
zierddo99w,9,MIN,0,16,18,MIN,WE,N,991,2303,652,864,133,413,1145,557,751,309,472,131,2767,974,2220,612,809,161,486,1212,587,748,248,579,140,2721,16,18,34,9,8,7,10,8,12,118463
